metric,mean,std,cv
tokens,34801.0,0.0,0.0
modularity,138.0,0.0,0.0
runtime,0.023281,0.002886462656378333,0.12398361996384748
