metric,mean,std,cv
tokens,39651.666666666664,521.6514374773851,0.013155851476879117
modularity,144.0,0.0,0.0
runtime,86.73832700000001,7.8533276065948,0.09054045516228136
